client_id,name,email,date_of_birth,country,account_balance
1,Pamela Gibson,christophertrevino@example.org,1993-03-05,USA,807.74
2,Cynthia Flynn,gilbertandre@example.net,2001-07-08,Canada,4940.79
3,Ms. Sandra Miller,tammynoble@example.org,1976-10-29,France,1912.68
4,Alice Ortega,amber36@example.net,1978-10-01,Jordan,2511.0
5,Melanie Jackson,elizabethjohnson@example.org,1995-10-07,UAE,4299.81
6,David Martin,paul32@example.net,1973-10-23,UAE,300.38
7,Molly Shepherd,fsmith@example.org,1969-06-29,Spain,4786.4
8,Mr. Samuel Anderson,olsongregory@example.org,1969-04-07,Spain,3555.36
9,Austin Bryant,parkerstephen@example.com,1978-04-24,Australia,2373.94
10,Michael Reed,parkertony@example.net,1968-01-02,Mexico,1817.93
11,Andrea Huang,jessica91@example.net,1968-11-14,UAE,596.22
12,Karen Rivera,curtisbradley@example.com,1956-08-06,Canada,2064.6
13,Zachary White,tarias@example.org,1990-12-19,France,2941.48
14,Jacob Dean,andrea49@example.net,1984-07-08,Kuwait,253.19
15,Andrew George,monica95@example.com,1991-10-03,Italy,1598.38
16,James Crawford,carterbrianna@example.net,1961-08-27,Mexico,2548.21
17,Miguel Washington,ialexander@example.net,1960-07-03,Canada,1670.12
18,Adam Murphy,smithjasmine@example.net,1999-09-04,Australia,2937.42
19,Dylan Fernandez,ashley08@example.com,2003-03-01,Mexico,2754.38
20,Karina Pierce,flove@example.com,1968-07-24,Italy,4351.09
21,Anne Pope,clarkeapril@example.com,1989-04-26,Canada,4752.24
22,Jennifer Price,michelle23@example.com,2006-02-16,Kuwait,2560.72
23,Julia Simmons,adkinsdawn@example.net,1994-01-07,Germany,159.17
24,Thomas Barnes,austinspencer@example.net,1972-05-01,Italy,2932.85
25,Ray Carrillo,valerie15@example.com,1980-07-11,France,4496.53
26,Nancy Morrison,sandravega@example.com,1993-09-10,Kuwait,652.99
27,Tammy Norton,villanuevamelissa@example.org,1967-08-25,Germany,1795.86
28,Evan Miles,wcox@example.org,1961-04-29,Italy,662.42
29,Nicole Thompson,jennifer14@example.net,1986-04-18,Germany,858.67
30,Robert Evans,irussell@example.org,1967-01-02,Kuwait,1016.15
31,Kenneth Harrison,fmartinez@example.org,1973-05-09,Lebanon,4796.18
32,Danny Gonzalez,alyssaconner@example.com,1974-06-19,Italy,1903.52
33,Michael Gillespie,evelynlee@example.org,1972-12-08,Germany,905.74
34,Joshua Patterson,john34@example.com,1984-01-29,USA,3749.14
35,Jennifer Case,austinmcgee@example.net,1984-10-29,Canada,612.46
36,Leah Rios,williamssusan@example.net,1975-05-26,Spain,4030.8
37,Timothy Moore,brianhall@example.net,2000-04-16,UK,3216.91
38,Philip Miller,barbaralopez@example.com,1957-01-01,Jordan,4449.96
39,Amy Hardin,tlewis@example.net,2002-05-24,UK,1454.74
40,Matthew Rush,christinajohnson@example.com,1960-03-31,Italy,274.15
41,Dana Hernandez,oberg@example.net,1959-06-08,Norway,4463.69
42,Dillon Baker,cartercraig@example.com,1958-11-21,Norway,3589.11
43,Brian Carlson,april93@example.org,1993-01-26,Lebanon,1792.98
44,Julia Alexander DDS,jessica83@example.com,1991-09-27,UK,838.34
45,Johnny Harper,houstonscott@example.com,1987-11-09,Jordan,343.32
46,Kevin Villegas MD,cookezachary@example.org,1954-11-15,Lebanon,1344.85
47,Robert Smith,jacobturner@example.com,1993-10-23,Mexico,4884.52
48,Alicia Murray,florespaul@example.com,1997-06-20,Jordan,4170.22
49,Sara Juarez,kristinmorris@example.net,1991-01-08,Canada,2598.34
50,Cynthia Miller,ndecker@example.net,1974-11-05,UAE,3864.41
51,Shane Holmes,hernandezsamantha@example.net,1964-09-26,Australia,1278.68
52,Mr. Lee Smith MD,lori93@example.com,1993-04-19,Spain,4744.43
53,Jared Smith,zmills@example.net,1993-10-30,USA,946.17
54,Christopher Russell,osmith@example.org,1996-06-01,Kuwait,3800.72
55,James Harris,bushbrittney@example.org,1999-11-28,France,1057.95
56,Mr. Paul Sanchez,amandaroberts@example.net,2005-04-30,Kuwait,210.56
57,Alec Johnson,robertjames@example.com,1995-01-28,France,2519.52
58,Margaret Moore,caroline96@example.org,1976-06-25,USA,207.81
59,Crystal Garner,ryantom@example.org,1990-10-18,UAE,547.86
60,Mary Hicks,wademelissa@example.net,1961-09-17,Norway,2382.18
61,Leslie Davis,kblanchard@example.org,1978-04-24,USA,2938.06
62,Barbara Welch,robin81@example.net,1995-04-03,Canada,2939.5
63,Claudia Rogers,vbarnes@example.com,1956-03-16,Spain,2310.26
64,Daniel Garner,terryjuan@example.net,1986-08-11,UK,1949.01
65,Jacob Griffin,brandonscott@example.net,1975-10-27,Kuwait,1647.27
66,Jesse Bell,pmccullough@example.net,1967-12-28,Canada,3964.37
67,Terry Oneal,misty31@example.net,2003-12-24,France,2580.89
68,Spencer Sherman,lwallace@example.com,2005-03-08,Canada,4923.86
69,Stephanie Underwood,vrice@example.org,1994-05-11,Canada,572.11
70,David Harris,marcus48@example.net,1999-10-11,Lebanon,967.06
71,Cynthia Phelps,shannon69@example.net,1975-03-20,Canada,1392.84
72,Olivia Bradford,mary09@example.org,1992-05-14,USA,954.37
73,Maria Herrera,tara93@example.net,1981-12-07,Lebanon,2204.83
74,Rebecca Martinez,robert60@example.net,1985-09-14,Spain,3272.17
75,Joseph Ray,kholmes@example.net,1962-01-09,Jordan,2992.16
76,Catherine Taylor,amorris@example.net,1990-06-24,Spain,1830.09
77,David Gonzalez,ethansimmons@example.net,1998-06-16,Italy,2852.14
78,James Pierce,stacey78@example.com,2000-05-31,Spain,3172.46
79,David Padilla,gallegoschristopher@example.org,1974-10-29,Norway,888.39
80,Willie Williams,rjohnson@example.net,1969-11-05,Jordan,476.91
81,Lori Green DDS,mitchellvincent@example.com,1997-04-22,USA,2150.51
82,Brenda Velasquez,afleming@example.com,1993-04-03,Norway,2000.73
83,Patrick Payne,james87@example.net,2005-11-17,UAE,224.75
84,Melissa Brown,darren03@example.com,1961-11-24,UAE,2397.08
85,Linda Price,johnwallace@example.net,1994-03-26,Norway,3325.97
86,Karen Castillo,debbiemarsh@example.com,1977-09-30,Germany,1001.07
87,Jennifer Jordan,rcowan@example.com,1996-12-05,Australia,2199.76
88,James Crane,allenjessica@example.net,1975-12-21,Spain,2946.7
89,David Perry,tkennedy@example.org,1988-07-29,Italy,3726.51
90,Tiffany George,reesejoshua@example.com,1982-10-06,Jordan,701.63
91,Stephanie Tucker,mmcneil@example.org,2000-03-01,Lebanon,1807.08
92,Russell Wilcox,john47@example.net,1964-11-05,Mexico,622.22
93,Samuel Vega,amberburke@example.com,1970-07-29,Spain,3108.74
94,Laura Wilson,osmith@example.net,1954-03-23,Australia,4943.21
95,Lisa Hall,chavezlisa@example.org,2005-09-28,Spain,3593.04
96,Larry Soto,vkelly@example.com,2003-03-24,USA,2001.67
97,Meredith Tate,emily78@example.org,1974-02-12,France,622.88
98,Taylor George,stacy64@example.org,1954-10-07,Canada,4091.8
99,Brian Garcia,cookkevin@example.org,1964-12-20,Spain,373.07
100,Andrew Cooper,vgarrett@example.net,1966-09-20,Spain,2693.42
101,Adam Johnson,martinderek@example.com,2004-07-30,Mexico,1303.33
102,Shannon Escobar,hcook@example.org,1959-07-28,UAE,1817.84
103,Jeanne Aguirre,ipena@example.com,1967-08-21,UAE,4032.77
104,Julie Odonnell,michael22@example.org,1954-12-31,Lebanon,3224.22
105,Dillon Trevino,robbinssteven@example.org,1972-10-21,Canada,538.9
106,Gary Howell,charles47@example.net,1967-07-30,Italy,3295.48
107,Belinda Stokes,stanley08@example.net,1958-04-09,France,1694.27
108,Sean Pruitt,jacqueline14@example.com,1974-07-27,Jordan,4110.12
109,Joseph Owens,benjamin58@example.net,1964-11-23,Lebanon,1816.41
110,Philip Nguyen,nbryant@example.org,1993-01-22,France,4254.08
111,Timothy Anderson,tammy92@example.net,1977-03-25,Italy,3090.91
112,Victor Pineda,christopher48@example.net,1985-03-02,Lebanon,2061.62
113,Kristin Butler,brownrobert@example.net,1974-09-13,Lebanon,3752.88
114,Vicki Vaughn,mollywalker@example.net,1976-12-27,Norway,1504.01
115,Cynthia Gonzalez PhD,bgarrison@example.com,1978-03-21,Norway,4303.31
116,Sabrina Fox,fordsheila@example.org,1968-10-16,France,350.59
117,Erik Smith,richard96@example.net,1963-05-31,Spain,1379.67
118,Douglas Rice,maryramirez@example.com,1996-01-28,Canada,1461.6
119,Jeremy Liu,ywatson@example.com,1978-07-16,Australia,3654.61
120,Karen Valdez,pgonzalez@example.net,2001-08-12,Jordan,1239.47
121,Keith Aguilar,cervantesrobert@example.org,1992-10-09,UK,270.29
122,John Gonzales,edunn@example.com,1997-03-17,France,1959.78
123,Alicia Kennedy,smithtodd@example.com,1997-08-18,Mexico,2603.69
124,Mrs. Mary Williams,leethomas@example.com,1986-02-02,Spain,2120.26
125,Daniel Edwards,rebecca54@example.com,1987-01-07,Lebanon,1312.88
126,Cody Mcgee,jenniferbaker@example.com,1994-12-05,Canada,4952.89
127,Glenn May,jasmin75@example.com,1956-04-08,Germany,1987.48
128,Pamela Moore,juan14@example.com,1984-06-29,Norway,1253.7
129,Carrie Evans,daviskelsey@example.org,1977-04-09,Kuwait,4292.9
130,Robert Baker,christinelewis@example.org,1984-10-22,Jordan,2053.19
131,Eugene Brown,swebb@example.org,1973-09-27,Norway,4575.91
132,John Harris,edwardstewart@example.org,1996-12-07,Lebanon,524.72
133,Megan Smith,maxwellrichard@example.com,1986-10-06,Jordan,4908.27
134,Teresa Cook,jaypeterson@example.net,1976-09-25,Spain,2450.07
135,Gregory Jones,washingtonbrandy@example.com,1989-03-07,USA,649.49
136,Alexandra Cabrera,reedcolin@example.net,1972-12-06,Lebanon,2315.86
137,Cathy Patrick,stephanie18@example.com,1993-03-27,Lebanon,1108.39
138,Jonathan Parks,jessica35@example.org,1989-11-20,Australia,125.98
139,Matthew Burton,jefferysanchez@example.com,1967-01-28,Jordan,4311.85
140,Diana Barber,brent44@example.org,1994-07-31,Canada,3333.57
141,Brooke Hernandez,rhondaduarte@example.net,1974-12-23,Spain,3383.26
142,Carrie Velazquez,fweaver@example.net,1980-05-15,Mexico,1920.58
143,Dwayne Rodriguez,hopkinsbrooke@example.org,2000-04-07,Spain,2277.34
144,Steven Davis,vanessa30@example.com,2004-03-27,Italy,1882.56
145,Robert James,rubenrice@example.com,1979-06-16,Mexico,4878.96
146,Courtney Zhang,donald14@example.net,1968-07-14,Norway,2835.24
147,Benjamin Osborn,jimenezlawrence@example.org,1967-12-15,Norway,873.71
148,Matthew Acosta,wgarcia@example.com,1972-10-17,Italy,3283.32
149,Micheal Knox,hannahwallace@example.org,1998-04-11,UAE,1173.21
150,Laura Pittman,jennifersalazar@example.com,1991-09-10,UAE,3064.98
151,Lisa Sims,obrienstephanie@example.org,1966-07-09,Lebanon,4991.61
152,Troy Burns,patriciaclark@example.net,1979-10-17,Mexico,267.07
153,Andrew Ruiz,hamiltonsharon@example.com,1956-05-27,Italy,3824.59
154,Daniel Oneill,whiteedward@example.com,1984-02-14,USA,361.51
155,Laurie Mitchell,pearsonchristopher@example.net,1982-08-08,Jordan,3547.15
156,Joseph Gutierrez,chenjulia@example.org,1979-09-25,UK,2133.53
157,Stephanie Green,williamsanna@example.net,1971-06-11,Australia,2589.98
158,Patricia Boyle,marydavies@example.net,1967-09-02,USA,1317.45
159,Christopher Hernandez,smithgregory@example.com,1963-08-19,Canada,1482.3
160,Dr. Brad Shaw DDS,christopherdiaz@example.net,1990-09-14,Germany,1698.7
161,Philip Flores,judith18@example.com,1974-09-14,Mexico,536.25
162,Annette Estrada,susansellers@example.org,1994-09-24,Australia,3463.1
163,Jake Snyder,amy45@example.net,1956-07-01,Canada,559.47
164,Brett Mcguire,robert97@example.net,1987-01-02,Norway,2833.23
165,Jennifer Cooper,franklinnicole@example.org,1960-05-13,France,1562.66
166,Thomas Graves,austin13@example.com,1995-11-20,France,1175.77
167,Janice Wood,christophermatthews@example.org,1967-02-27,UAE,260.6
168,Marcus Hernandez,tracy46@example.net,1994-12-07,Norway,2918.38
169,Garrett Lewis,joshuamiller@example.org,2003-08-05,Jordan,107.16
170,Edgar Cox,molly52@example.org,1965-10-12,Canada,1565.28
171,Charles Hernandez,bmartin@example.org,1990-07-09,Kuwait,2838.3
172,Jonathon Pollard,gmccormick@example.org,2002-11-30,Australia,3579.68
173,Raymond Baxter,eddiedaniel@example.net,1976-03-12,UK,4110.45
174,Joseph Clay,harveyvanessa@example.com,1997-04-20,Kuwait,4400.85
175,Lauren Blair,wongpaige@example.org,1957-12-31,UAE,425.57
176,James Christian,humphreyshannon@example.org,1996-01-24,Norway,3012.71
177,Ryan English,sheltonnicholas@example.com,1970-11-10,Canada,3780.52
178,Jessica Rodriguez,ybray@example.org,1971-03-08,France,869.68
179,Theresa Dunn,eramirez@example.net,1956-06-11,Norway,4658.47
180,Jade Nelson,oschneider@example.com,1979-06-12,UK,173.2
181,Kyle Atkins,brittanylewis@example.net,1994-02-20,Spain,2854.59
182,Tina Patterson,seansmith@example.com,1962-01-03,Australia,1063.97
183,Chad Anthony,fsmith@example.org,1963-08-30,Canada,3387.42
184,Douglas Little,ericmartin@example.com,1956-05-18,Mexico,1226.46
185,Olivia Fuller,kterry@example.com,1993-05-04,Italy,3486.19
186,Melinda Nichols,davidramirez@example.com,2003-09-22,Germany,112.59
187,Juan Williams,bradleypatricia@example.com,2002-08-26,Jordan,476.3
188,Julie Roberts,taylorheidi@example.net,2001-03-13,UK,1711.0
189,Maurice Jones,tjohnson@example.com,2002-08-29,USA,3077.78
190,Jessica May,melaniecampbell@example.net,1966-05-25,UAE,857.49
191,David Oliver,vfisher@example.net,1996-01-31,Kuwait,2022.93
192,Veronica Gould,matthewstephens@example.org,1996-12-12,Italy,4889.78
193,Kevin Rice,bankscindy@example.com,1988-09-09,UK,4236.87
194,Ian Moreno,burtonjessica@example.org,1956-01-12,Jordan,2309.32
195,Darren Sharp,wagnertracey@example.org,1984-01-31,Norway,1893.74
196,Tracy Mccoy,ikim@example.org,1962-01-27,Germany,3161.58
197,Brittany Hunter,yturner@example.net,1978-01-30,Kuwait,1178.96
198,Marcus Collins,nyu@example.net,1962-04-22,Mexico,4142.0
199,Chelsea Beck,theresa40@example.com,1956-02-13,Germany,979.63
200,Joan Sellers,victoria13@example.com,1970-09-15,Kuwait,4381.54
201,Adam Cook,adriennerollins@example.com,1958-02-14,Lebanon,4812.48
202,Edward Shaw,fcopeland@example.net,1998-12-20,Norway,4678.88
203,Christian Nolan,xjefferson@example.com,1998-03-10,Germany,2573.91
204,Christine Griffin,millerdonald@example.com,1988-03-03,Canada,3158.77
205,Lisa Munoz,mcgeemeghan@example.com,1958-08-24,Lebanon,1712.99
206,Christian Davis,michael72@example.com,1954-11-07,UK,3709.33
207,Alexandra West,dawn61@example.net,1997-10-03,Germany,4391.17
208,Bryan Wall,juliewhitney@example.com,1968-09-20,Jordan,3299.67
209,Tiffany Copeland,allisonlewis@example.com,1973-04-17,Lebanon,1987.31
210,Marisa Mason,amanda00@example.net,1957-08-24,UK,2214.64
211,Jonathon Martinez,adamscott@example.com,1958-08-21,Canada,632.02
212,Michael Stephens,juan77@example.org,1989-11-26,Spain,2717.0
213,Harold Pace,kevinramos@example.com,1962-10-14,USA,1942.36
214,Greg Jones,angelamay@example.com,1957-12-14,Lebanon,4186.32
215,Julie Weiss,davidschneider@example.net,1978-01-08,Italy,728.98
216,Dale Mahoney,johnnypeters@example.com,1973-02-02,Mexico,914.46
217,Bruce Carter,lewisholly@example.net,1992-10-24,Kuwait,1652.94
218,Kevin Khan,angelaspence@example.org,1981-11-06,Kuwait,3769.69
219,Jessica Osborn,crystalnguyen@example.org,1979-06-20,Spain,3888.78
220,Deborah Taylor,michaeldickerson@example.net,1997-09-25,Australia,4037.97
221,Shawn Hamilton,keithblack@example.org,1991-07-30,Jordan,3598.53
222,Elizabeth Cooper,lopeztracey@example.com,2004-09-04,Mexico,1867.97
223,Adrian Ochoa,johnsonmichelle@example.org,1997-10-12,Jordan,937.59
224,Anthony Gray,matthewsandrea@example.com,1982-09-03,USA,3641.38
225,Douglas Crawford IV,bowmansarah@example.net,1967-05-08,Norway,3440.12
226,Tonya Gutierrez,kbrown@example.net,1994-12-06,UK,1917.33
227,Bobby Calhoun,johnstonchristopher@example.org,1982-04-06,Canada,1475.92
228,Ashley Casey,richard84@example.net,2004-01-31,UAE,1287.68
229,Larry Blanchard,christopherthomas@example.com,1998-10-21,Italy,1754.22
230,Michael Stark,frankmatthew@example.org,1961-04-06,Spain,1601.41
231,Kimberly Morris,mccallmichelle@example.com,1985-09-11,UK,4423.26
232,Robyn Baker,mgarcia@example.org,1958-05-26,USA,667.68
233,Cody Jackson,pgarrison@example.org,1968-11-09,Australia,4298.33
234,Leslie Martinez,kaylamendez@example.net,1979-07-13,UK,2641.27
235,Diana Schmidt,laura32@example.com,1962-08-02,Germany,846.56
236,Jenny Graham,ehernandez@example.com,1957-11-05,Kuwait,3758.56
237,Brittany Singh,hwalker@example.com,1975-02-27,UAE,2180.3
238,Christine Kirby MD,hramirez@example.com,1993-07-19,Canada,4153.59
239,Mary Barrett,melissataylor@example.com,1965-03-30,Jordan,968.27
240,Morgan Green,cooperdaniel@example.org,1986-04-22,Lebanon,965.29
241,Alicia May,monica50@example.com,1955-11-28,Spain,3343.3
242,Douglas Howell,njones@example.org,1974-06-28,Canada,3532.75
243,Daniel Cook,chungstephanie@example.com,1975-03-23,Lebanon,3066.22
244,Philip Ward,carrollscott@example.org,2001-11-26,Canada,4441.03
245,Crystal Rogers,tmiller@example.org,2001-11-12,USA,1968.65
246,Jacob Acosta,knightkevin@example.net,1965-02-01,Australia,1644.34
247,Amanda Merritt,ythomas@example.net,2001-07-22,UAE,2514.14
248,Robert Harmon,maureenrivers@example.com,1970-12-19,Italy,4347.71
249,Felicia Hernandez,qwilliams@example.com,1957-12-31,Canada,3517.13
250,Kristin Murphy,brianpadilla@example.com,2002-10-22,Jordan,2556.34
251,Vicki Cobb,timothy74@example.org,1954-09-01,Australia,1259.96
252,Jennifer Bush,mwhite@example.net,1993-05-22,Lebanon,2442.99
253,Janet Gibson,ubell@example.com,1975-08-21,France,2215.12
254,Charles Brown,shannon41@example.org,1965-03-21,Canada,1029.98
255,Christian Nelson,angelaeaton@example.com,2002-03-15,Canada,3390.89
256,Chelsey Scott,anthony06@example.com,1990-11-07,USA,3588.37
257,Jordan Brewer,nbrowning@example.com,1971-09-20,UAE,2367.65
258,Justin Moore,jonesrebecca@example.org,1956-08-27,Germany,228.32
259,Matthew Contreras,christina51@example.net,1962-03-17,Jordan,264.43
260,David Decker,swansonadam@example.net,1973-04-23,Jordan,1732.35
261,Teresa Valentine,pamela10@example.com,1993-10-23,Spain,2941.77
262,Denise Pierce,qle@example.net,1959-06-07,Spain,3213.69
263,Jennifer Espinoza,hendersontimothy@example.com,1977-10-03,Mexico,283.27
264,Christopher Conway,michaeldaugherty@example.net,1977-12-18,France,1895.75
265,Matthew Bailey,fsmith@example.com,1987-11-23,Canada,3895.22
266,Connie Waters,jeremy89@example.com,2000-07-26,Spain,4677.7
267,Christine Humphrey,melissadavis@example.net,1994-02-12,Kuwait,3395.0
268,Brandon Small,tonyacollins@example.net,1955-04-18,Spain,681.51
269,Jacob Phillips,collinsdaniel@example.org,2005-05-26,Mexico,1366.37
270,Jared Walker,duffydaniel@example.net,1963-09-13,Australia,1520.75
271,Kyle Nelson,silvakeith@example.org,1960-04-09,UAE,2229.33
272,Jonathan Lee,sarahrobinson@example.com,1960-10-26,Jordan,1693.9
273,Jeremy Brown,barnettjacob@example.com,1970-01-23,Kuwait,830.07
274,Blake Robinson,saralawson@example.org,1986-08-23,Lebanon,3151.04
275,Evan Nelson,currybecky@example.com,1985-02-20,Australia,1737.05
276,Brandon Martinez,sanchezchristian@example.org,1966-02-05,Germany,1554.03
277,James Brown,valdezscott@example.net,1975-03-06,Jordan,624.21
278,Mary Holmes,theresa57@example.com,1965-11-17,Canada,3636.21
279,Jason Diaz,jonesregina@example.org,1974-03-10,Lebanon,4042.84
280,Amanda Clarke,tiffanyfrey@example.com,1955-09-13,UK,4020.73
281,Andrew Watkins,qtucker@example.com,1971-05-09,Germany,1397.31
282,Larry Brown,jonathanwalker@example.net,1968-11-29,UK,3981.02
283,Mary Espinoza,elizabeth77@example.org,1982-11-24,Kuwait,3321.05
284,David Flores,wrightjeffrey@example.org,2002-07-22,UAE,2421.4
285,Susan Mendoza,antonio18@example.org,1997-08-02,Italy,3851.95
286,Tom Williams,pjones@example.org,1997-11-21,UAE,1939.36
287,William Reyes,donnabrown@example.org,1968-10-14,Norway,4643.9
288,Reginald Petty,rachel55@example.org,1957-09-27,Australia,4817.78
289,David Thompson,thomas86@example.net,2001-11-27,Spain,1464.86
290,Sherri Kramer,ronnie89@example.net,1967-02-19,Germany,1370.0
291,Allison Pearson,jerry60@example.com,1999-01-15,Canada,3090.0
292,Robert Carson,edwin92@example.net,1995-03-14,Spain,2647.06
293,Crystal Bradley,gthomas@example.com,2004-03-18,France,2128.62
294,Mary Roberts,bandrews@example.org,1960-04-23,Germany,2147.08
295,Bryan Wallace,rebecca95@example.org,1960-01-17,Spain,3015.62
296,Gary Kelly,khart@example.net,1959-07-08,Germany,1629.23
297,Robert Mata,aluna@example.com,1972-04-03,Mexico,585.8
298,Lisa Garcia,fbuck@example.net,1964-09-20,France,2265.43
299,Ryan Gardner,fgreene@example.org,1982-03-24,UAE,3101.65
300,Steven Gordon,gnguyen@example.com,1983-06-13,Australia,4009.95
301,Rhonda Robinson,michaelreed@example.net,1988-11-29,USA,988.15
302,Jamie Black,kevin49@example.org,1964-09-03,Canada,2795.0
303,Tiffany Jones,fieldskelly@example.com,1986-03-17,Norway,1855.93
304,Victoria Carroll,robert72@example.net,1981-05-15,France,3667.15
305,Mark Hernandez,zbullock@example.org,2000-07-01,Lebanon,431.25
306,Susan Davis,sara27@example.org,1968-12-03,France,2296.08
307,Paula Graves,andrew45@example.com,1994-09-13,Canada,4200.13
308,Miss Jamie Sellers DVM,hectorestrada@example.com,2004-02-14,UAE,2664.03
309,Carolyn Ortiz,cynthia08@example.com,1958-11-09,Jordan,3380.03
310,Vanessa Smith,cowens@example.org,1983-11-12,Spain,4951.66
311,Joseph Fields,smithbrittany@example.org,2004-11-16,Australia,884.31
312,Monica Young,jenkinsmarissa@example.com,2001-04-24,Australia,3942.22
313,Kyle Williams,ocopeland@example.net,1956-09-25,Italy,401.05
314,Tyler Davis,michaelcooper@example.com,1984-02-18,Kuwait,4112.95
315,Lisa Sullivan,johnscynthia@example.org,1992-11-10,UK,4436.32
316,Paul Evans,nmartin@example.org,1983-02-20,Lebanon,4063.59
317,Brandon Hughes,daydeborah@example.org,1988-03-28,Norway,3751.38
318,Ms. Christine Crawford DDS,amber58@example.net,1994-10-09,France,3562.76
319,Adam Brown,tiffany66@example.net,1972-01-30,Australia,2924.39
320,Amanda Bentley,wmurphy@example.org,1979-12-07,Mexico,132.66
321,Joshua Simmons,matthew55@example.org,2003-03-23,UAE,4074.18
322,Noah Fisher,debra09@example.com,1997-03-27,UAE,661.52
323,Brandon Anderson,cbryan@example.org,1985-07-31,Mexico,4561.42
324,Brian Garcia,evansveronica@example.net,1996-08-04,USA,4514.17
325,Jonathan Martinez,ncoleman@example.net,1989-12-12,Spain,4967.22
326,Casey Luna,jacob86@example.org,1958-08-05,USA,1398.53
327,Robert Taylor,jesseadams@example.net,1962-04-28,UK,1832.63
328,Cory Wong,tyler54@example.com,1983-12-29,Jordan,3124.73
329,Matthew Ochoa,cperez@example.net,1994-03-15,Spain,2416.98
330,William Brennan,zsmith@example.net,2004-02-05,Kuwait,4950.65
331,Sarah Gallagher,davisemma@example.com,1961-08-17,Kuwait,4225.56
332,Debra Ortiz,gutierreztravis@example.net,1965-07-30,USA,4103.14
333,Samuel Clark,gonzalezrichard@example.org,1990-11-18,Canada,3609.0
334,Ann Henderson,tracystafford@example.com,1979-02-24,Lebanon,886.58
335,Kristin Moore,adamscalvin@example.org,1974-12-04,France,3557.9
336,Ariel Randolph,matthewshort@example.net,1960-10-09,UAE,1229.14
337,Omar Delacruz,jmontgomery@example.net,1970-01-20,Spain,752.42
338,Robert Leon,erin90@example.net,1971-02-19,USA,2846.62
339,Gary Carter,gatesjason@example.com,1984-10-18,Italy,224.54
340,Debra Jones,antonio74@example.net,1984-11-03,Germany,461.51
341,Jeremiah Hansen,xwilliams@example.org,1962-09-21,Canada,323.5
342,Melissa Cisneros,wrobertson@example.net,1971-05-20,France,1798.37
343,Kyle Hoffman,susan93@example.com,1984-10-27,Spain,1165.68
344,Allison Johnson,belljose@example.com,2001-09-16,UAE,3233.34
345,Mary Evans,kelly22@example.org,1958-02-19,Kuwait,4843.78
346,Andrea King,bridgesjacob@example.net,1963-05-11,Mexico,1988.89
347,James Barber,jamesjames@example.net,2001-06-11,Spain,433.21
348,Cory Golden,rchang@example.com,1991-06-25,Lebanon,2449.44
349,Jeffrey Hernandez,simsbecky@example.org,1964-12-08,Canada,3407.41
350,Mark Banks,virginia92@example.com,2006-06-06,Norway,273.53
351,Autumn Clark,perezmichael@example.net,1965-07-23,Norway,420.28
352,Benjamin Boyd,umiller@example.org,1982-08-25,Norway,975.37
353,Oscar Steele,pamelaoconnor@example.net,2005-05-24,Lebanon,1835.88
354,Paul Mckay,cperez@example.com,1980-10-24,Australia,4012.35
355,Christopher Escobar,joseph92@example.net,1961-01-28,Germany,1091.28
356,Gabriel Diaz Jr.,xlin@example.org,1954-07-25,Norway,524.33
357,Emma Wong,garciabarbara@example.org,1982-06-24,Kuwait,3914.07
358,Sara Anderson,sean26@example.org,1967-02-23,Germany,628.8
359,Michael Everett,pbowers@example.org,1991-11-03,USA,1020.57
360,Emily Bean,julie34@example.org,1999-09-05,UAE,1334.41
361,Jacqueline Sims,gutierrezmichele@example.com,1974-04-08,UAE,2583.27
362,Claudia Allen,catherine57@example.org,1979-04-24,Jordan,1461.05
363,William Morgan,amccormick@example.com,1964-07-07,Italy,1912.56
364,John Robinson,wwhitaker@example.com,1973-12-27,Italy,848.86
365,Jennifer Lewis,patriciathomas@example.org,1967-07-09,France,1109.7
366,Holly Armstrong,dmason@example.org,1986-03-24,Australia,2936.9
367,Jacqueline Eaton,brandonrobbins@example.org,1962-09-04,Jordan,1516.54
368,Briana Smith,brownwillie@example.net,2004-06-22,Italy,4592.91
369,Robert Johnston,yevans@example.net,1971-05-20,Norway,3634.96
370,David Roberts,dixonlisa@example.com,1965-11-07,Australia,4041.48
371,Amy Hamilton,jessica02@example.net,2003-07-13,Canada,4077.67
372,Michael Smith,smithshannon@example.net,1995-08-26,Canada,4349.98
373,Derrick Marks,wroberts@example.net,1977-10-20,Australia,2985.06
374,John Richards,brianna24@example.com,1980-11-02,Jordan,1918.16
375,Pamela Mendez,colemanelizabeth@example.net,2004-07-12,Mexico,2266.13
376,Angela Anderson,nguyendaniel@example.org,1981-07-06,Germany,3692.79
377,Aaron Hoffman,bishoptammie@example.com,1964-07-05,Spain,3232.61
378,Bradley Stokes,jscott@example.org,1963-05-05,France,2099.56
379,Evelyn Harris,laurapark@example.org,2000-03-25,USA,1909.64
380,Emma Nelson,skinnerherbert@example.org,2001-07-01,Mexico,2338.83
381,Christopher Wilcox,marthahale@example.org,1968-08-04,Italy,137.46
382,Matthew Jones,robert20@example.org,1998-02-22,USA,4957.88
383,Charles Harrison,bianca55@example.com,1969-07-29,Spain,1808.6
384,Billy Roth,tracy88@example.com,1968-11-27,UK,1179.03
385,Katherine Diaz,carlos20@example.net,1978-10-08,Canada,3880.77
386,John Randolph,molinacheryl@example.com,1999-09-13,Kuwait,650.96
387,Monica Paul,george28@example.net,1961-11-14,USA,481.76
388,Jessica Jenkins,brittney38@example.com,1993-01-16,Canada,1280.9
389,Sarah Wong,michaelwilliams@example.org,1956-10-20,France,1762.02
390,Robin Smith,dholland@example.com,1970-10-15,Mexico,340.14
391,Kevin Morales,brookscourtney@example.org,1962-11-30,UAE,206.51
392,Carol Jennings,christopher45@example.org,1988-05-12,Kuwait,466.65
393,Timothy Martinez,harriscody@example.com,1984-03-07,Canada,2286.82
394,Blake Lopez,armstrongdavid@example.com,2003-08-22,Mexico,4119.63
395,Aaron Jones,timothy63@example.net,1997-04-08,Mexico,772.81
396,Jonathan White,keithwhite@example.net,1988-01-26,Jordan,1860.84
397,Renee Simmons,melaniehicks@example.com,1954-01-19,Lebanon,4607.93
398,Andrew Andrade,cmckinney@example.net,2004-08-08,Norway,4690.36
399,Vincent Cooke,zachary16@example.org,2000-07-02,Kuwait,1653.88
400,Steven Saunders,wwilson@example.net,1971-11-18,Jordan,1505.05
401,Robert Gardner,kimwhite@example.com,1970-03-17,Spain,4496.71
402,Bruce Marshall,matthew70@example.com,1958-06-23,France,3790.07
403,Andrea Griffin,collinskelly@example.org,1970-06-07,Mexico,4193.89
404,Joan King,cdillon@example.net,1962-10-07,USA,2533.94
405,Michael Salazar,meghanlopez@example.org,1998-12-12,Canada,4735.36
406,Gina Miller,derrickleonard@example.org,1955-10-14,Jordan,4090.32
407,Michael Henry MD,aconway@example.com,1955-10-21,UAE,3995.05
408,Elizabeth Curtis,marilyn27@example.org,1958-04-10,Australia,1707.86
409,Catherine Rodriguez,qjames@example.net,1962-03-03,UAE,4990.91
410,Mary Martin,mathewphillips@example.com,1960-05-21,Canada,1941.38
411,James Wong,bwilliams@example.net,1955-03-12,France,2675.2
412,Douglas Lane,cjackson@example.net,1989-11-21,Australia,1830.6
413,Kevin Leblanc,walterrodriguez@example.org,1986-05-27,Lebanon,1460.46
414,Alicia Santiago,garciadaniel@example.org,1960-12-31,USA,3250.38
415,Kylie Miller,jenniferleach@example.com,1960-09-03,Lebanon,2048.84
416,Shannon Baker,xjohnson@example.org,1962-07-27,Italy,1164.91
417,Susan Holmes,nicole41@example.net,1979-06-19,Spain,4149.18
418,Ariana Kelly,daniel52@example.org,1987-12-05,Spain,2471.7
419,Colleen Mitchell,jenniferfarrell@example.net,1967-01-28,France,1209.03
420,Bob Hoover,anthony13@example.com,1967-10-04,Spain,4347.55
421,Michelle Morales,iblack@example.org,1961-05-23,Lebanon,1525.24
422,Christopher Humphrey,joyce10@example.com,1999-08-26,UK,3156.38
423,Ian Chapman,nalvarado@example.com,1975-12-13,UK,1036.09
424,Rebecca Murphy,jacquelinefrederick@example.org,1970-01-13,Spain,2544.53
425,Julian Johnson,amy39@example.com,2000-11-23,Australia,3103.15
426,Kimberly Diaz,xmarshall@example.com,1955-01-01,Kuwait,2873.63
427,Stephanie Lopez,katherine82@example.net,2000-06-25,Lebanon,1919.8
428,Kristina Morales,timdouglas@example.com,1958-09-14,Lebanon,4679.46
429,Dr. Diana Flores,yanderson@example.com,1991-06-21,Australia,3522.03
430,Stephanie Macdonald,sheltontanner@example.net,1960-12-26,Germany,2838.24
431,Eric White,debrareed@example.com,1970-10-04,UAE,4900.87
432,Jessica Sandoval,vanessa34@example.com,1999-11-28,Jordan,1625.64
433,Lisa Erickson,icampos@example.net,1996-11-23,USA,1517.17
434,Brandon Anderson,stevenharris@example.net,1972-01-09,Kuwait,3465.07
435,Chad Coleman,angela90@example.net,2000-02-23,USA,3204.79
436,Robert Davis,tsolis@example.net,1993-08-30,UK,2237.85
437,Calvin Fritz,apriljohnson@example.com,1988-02-25,Italy,2988.49
438,Barbara Mack,croth@example.org,1981-10-25,Mexico,1222.35
439,Monica Larsen,rebeccasimpson@example.net,1987-11-26,Australia,1254.41
440,Nathan Lawson,monicachavez@example.org,1998-07-27,Mexico,4243.68
441,David Ward,hsherman@example.net,2001-05-24,France,4032.66
442,Patricia Morris,xwilliams@example.org,2002-09-17,Jordan,3798.23
443,Kaitlin Ware,tstewart@example.com,1961-01-17,Germany,2011.4
444,Francisco Smith MD,glowe@example.net,1976-10-05,Canada,2547.73
445,Matthew Donaldson,dgreen@example.org,1987-07-25,Jordan,2037.24
446,Lisa Holt,tranjames@example.net,2001-01-14,UK,2343.93
447,Brian Miller,sarah77@example.com,1977-09-25,USA,4344.74
448,Jay Murray,vmitchell@example.net,1984-01-27,Germany,1720.28
449,Robert Poole,turnertony@example.net,1971-11-24,UAE,393.87
450,Ryan Daniel,megan19@example.org,1995-10-22,Germany,4072.56
451,Deborah Martin,zachary81@example.net,1983-11-07,Jordan,1594.26
452,Joseph Williams,erin02@example.org,1960-01-02,Italy,4215.85
453,Gloria Malone,george12@example.org,1966-03-24,Canada,904.69
454,Lori Curtis,kellygallagher@example.net,2000-08-24,Germany,1755.13
455,Molly Skinner,jessicamcdaniel@example.org,1958-11-29,France,849.28
456,Mary Lewis,erica54@example.net,1969-01-13,Germany,1532.48
457,Scott Castillo,owhite@example.net,1995-06-23,USA,3900.3
458,Charles Mills,bautistaamber@example.net,2005-06-30,Lebanon,1841.03
459,Mark Brooks,tiffany45@example.com,1989-04-05,USA,1048.92
460,Stephen Weaver,kinggeorge@example.com,1967-09-22,Spain,2943.76
461,Jennifer Martin,oconnellalison@example.org,1988-11-20,USA,4267.02
462,Kathryn Torres,srobinson@example.org,1974-11-19,Italy,4197.04
463,Brian Garcia,manuel19@example.com,1957-02-19,UAE,467.8
464,Christine Smith,araymond@example.org,2003-04-17,Jordan,446.07
465,Allen Blankenship,thomas62@example.org,1956-09-02,Germany,1159.01
466,Scott Butler,vincent58@example.org,1995-11-19,Australia,2771.31
467,Kathryn Calhoun,moniquebrown@example.com,1987-05-01,UK,2606.48
468,Johnathan Harris,fwade@example.net,1962-02-02,Lebanon,3839.08
469,Steven Mcdonald,kristy53@example.net,1976-12-06,Spain,3207.08
470,Rhonda Silva,gatessheena@example.org,1955-06-03,UK,1491.73
471,Joseph Smith,wardcassandra@example.org,1973-05-05,Germany,3942.9
472,Steven Nunez,chasepaul@example.com,1985-08-25,UK,4888.45
473,Ryan Sloan,walkerjames@example.net,1995-09-22,Canada,3329.78
474,April Hughes,oholt@example.org,2005-07-10,Jordan,344.06
475,Kevin Anderson,lisalarsen@example.org,2005-03-31,USA,1431.12
476,Keith Phillips,knelson@example.com,1968-04-04,France,839.02
477,Brian Pennington,lindseyreyes@example.org,1993-07-08,France,266.95
478,Shane Henry,karenhernandez@example.org,2004-12-28,UK,3437.49
479,Austin Ball,paul83@example.net,1962-07-10,UK,3150.9
480,Paula Moses,morganjohn@example.org,2000-11-27,Spain,1544.65
481,Kyle Garcia,ruizemma@example.com,1969-01-18,Australia,2940.11
482,Kyle Wells,vargaslinda@example.com,1989-11-29,Lebanon,4090.97
483,Susan Rice,mitchelljames@example.org,1982-03-02,UAE,4776.41
484,Mark Zavala,jason77@example.net,1992-03-18,Lebanon,769.16
485,Cynthia Scott,davisvanessa@example.net,1986-10-06,Italy,3632.39
486,Sharon Foster,lbell@example.net,1995-01-13,Norway,2735.98
487,Rodney Franklin,barbara54@example.com,1980-08-12,Norway,4716.98
488,Lisa Bush,dawn58@example.org,2001-08-29,Italy,3333.72
489,Richard Hester,tracygraham@example.net,1968-11-02,USA,1221.21
490,Richard Thompson,jhughes@example.org,1972-11-21,Australia,4314.21
491,Katie Harper DDS,alecmartin@example.net,1998-01-17,Mexico,1596.86
492,Michelle Case,nicholsmatthew@example.org,1984-09-01,UAE,3319.71
493,Leslie Brown,thompsonstanley@example.net,1985-02-07,Germany,1481.52
494,Charles Scott,wgeorge@example.net,1965-05-14,Spain,156.24
495,Tony Williams,melanieespinoza@example.org,1963-04-03,USA,793.47
496,Margaret Klein,ijones@example.com,2002-02-14,UK,4358.11
497,Dawn Byrd,bmoss@example.net,1966-04-09,France,3906.07
498,Kim Campos,benjamin61@example.com,1963-04-14,UAE,2655.37
499,Jordan Terry,madisonbell@example.org,1963-04-08,Mexico,1807.94
500,Meghan Jones,michaelwhite@example.com,1984-11-28,Norway,4191.25
